campaign_id,channel,impressions,clicks,conversions,spend_usd,time_on_site_sec,video_views,bounce,date
New Product Launch,YouTube,88369,4053,156,5985.32,37,1046,1,2024-01-01
Brand Awareness,YouTube,20963,3286,576,5017.99,143,543,0,2024-01-02
Spring Sale,Email,56123,3380,759,9879.08,46,1469,0,2024-01-03
New Product Launch,Google,93705,2673,365,1450.75,41,1097,1,2024-01-04
New Product Launch,Facebook,74477,4716,694,6981.93,6,1033,1,2024-01-05
Brand Awareness,Email,15388,2699,913,4102.76,64,1507,1,2024-01-06
Spring Sale,Facebook,6569,4133,742,4339.18,103,1479,0,2024-01-07
Spring Sale,Display,70836,336,640,7204.22,28,1589,0,2024-01-08
New Product Launch,Facebook,37586,1404,318,6955.12,89,1587,1,2024-01-09
Holiday Promo,Google,13015,3530,704,9913.43,200,659,0,2024-01-10
New Product Launch,Display,46002,1401,297,1371.1,13,159,0,2024-01-11
New Product Launch,Facebook,7254,2641,316,1130.69,44,1905,0,2024-01-12
New Product Launch,Display,18144,2151,821,7270.95,20,1037,0,2024-01-13
New Product Launch,Facebook,25214,541,603,5826.03,94,1201,0,2024-01-14
Brand Awareness,Google,81719,2176,975,2814.19,51,411,0,2024-01-15
Spring Sale,Facebook,72774,3280,923,886.25,60,1901,1,2024-01-16
Brand Awareness,Facebook,7090,2757,732,948.02,95,1011,0,2024-01-17
Brand Awareness,Facebook,12637,3898,671,8952.49,30,52,0,2024-01-18
Brand Awareness,Email,23415,904,558,1999.49,147,407,0,2024-01-19
New Product Launch,Email,25071,174,361,3301.38,45,846,0,2024-01-20
Holiday Promo,Email,59243,2275,321,2343.9,10,1045,0,2024-01-21
Spring Sale,Google,42240,4024,882,3614.46,71,1053,0,2024-01-22
Holiday Promo,Display,84807,2189,68,787.3,94,702,1,2024-01-23
Brand Awareness,YouTube,34434,140,652,5238.69,22,259,0,2024-01-24
Brand Awareness,Facebook,70724,2181,933,769.36,116,1228,1,2024-01-25
Holiday Promo,Facebook,76697,4783,723,8023.53,141,1082,0,2024-01-26
Holiday Promo,Google,29732,1722,764,2413.75,19,1494,0,2024-01-27
Holiday Promo,Facebook,12314,441,44,5446.12,246,775,0,2024-01-28
Brand Awareness,Email,24954,4152,454,8812.78,9,1489,0,2024-01-29
Brand Awareness,YouTube,58108,2174,102,6543.69,13,1035,1,2024-01-30
Spring Sale,Instagram,88044,745,959,5376.28,12,1654,0,2024-01-31
Spring Sale,Facebook,88505,4926,968,3310.9,134,1950,0,2024-02-01
Brand Awareness,Email,37668,4363,216,3396.72,63,1997,1,2024-02-02
Holiday Promo,Instagram,24061,709,362,6727.92,9,1313,1,2024-02-03
Holiday Promo,YouTube,80252,554,912,9941.98,34,849,1,2024-02-04
Spring Sale,Instagram,40749,3053,341,6652.21,57,1783,0,2024-02-05
Brand Awareness,Email,17907,1808,826,5622.06,5,353,1,2024-02-06
Spring Sale,Display,19777,3572,871,7333.44,128,1662,0,2024-02-07
Spring Sale,Display,94229,3069,734,4705.54,97,1098,0,2024-02-08
New Product Launch,Instagram,52745,3128,168,695.41,42,872,0,2024-02-09
New Product Launch,Google,92865,4897,963,5666.74,204,1739,0,2024-02-10
New Product Launch,Instagram,82818,2781,966,9580.49,32,1584,0,2024-02-11
Holiday Promo,Facebook,24624,3729,33,1835.5,248,1614,0,2024-02-12
Brand Awareness,Facebook,24321,4325,413,6931.05,66,1464,1,2024-02-13
Brand Awareness,Display,11488,3167,814,2089.24,60,990,0,2024-02-14
Brand Awareness,Google,23574,1486,525,5404.69,10,1264,0,2024-02-15
Brand Awareness,Email,6240,3876,741,1057.1,128,1017,0,2024-02-16
New Product Launch,Facebook,44221,2966,373,4558.67,33,1884,1,2024-02-17
Holiday Promo,Display,11478,4888,391,7586.02,10,1177,0,2024-02-18
Holiday Promo,YouTube,56645,3463,541,3540.96,0,1809,0,2024-02-19
New Product Launch,Display,20262,4989,965,6682.63,49,1119,1,2024-02-20
Holiday Promo,Facebook,53796,4224,161,7974.95,44,1749,1,2024-02-21
New Product Launch,Facebook,5432,248,571,9279.06,76,293,0,2024-02-22
Brand Awareness,Display,96257,3950,698,2422.96,132,208,0,2024-02-23
New Product Launch,Email,65291,2158,956,4053.23,4,1366,1,2024-02-24
Brand Awareness,Instagram,80104,1236,617,1608.92,78,1111,0,2024-02-25
Brand Awareness,Facebook,60399,286,626,9925.59,12,817,0,2024-02-26
Spring Sale,Display,80714,2954,429,9277.31,117,1799,1,2024-02-27
New Product Launch,Display,51428,1350,259,5445.58,102,1960,0,2024-02-28
Spring Sale,Google,88731,1433,126,8436.13,46,389,0,2024-02-29
New Product Launch,Instagram,1302,4293,875,5257.48,74,324,0,2024-03-01
New Product Launch,YouTube,83558,4250,521,6273.5,22,939,0,2024-03-02
Spring Sale,Email,1055,2811,749,982.33,38,888,0,2024-03-03
Spring Sale,YouTube,9717,4953,587,7577.18,103,1855,1,2024-03-04
New Product Launch,Instagram,29699,4601,344,1364.36,36,1180,0,2024-03-05
Holiday Promo,Instagram,74686,1885,427,8278.07,26,667,0,2024-03-06
Brand Awareness,Instagram,68661,850,941,7842.08,40,1674,0,2024-03-07
Spring Sale,YouTube,45247,1862,783,7116.57,105,632,0,2024-03-08
Brand Awareness,Instagram,17748,4020,304,457.99,24,576,1,2024-03-09
Holiday Promo,Display,5621,4560,947,3100.97,11,1642,0,2024-03-10
Holiday Promo,YouTube,16034,581,764,2704.81,74,1682,0,2024-03-11
Holiday Promo,Instagram,6126,253,380,3665.35,104,136,0,2024-03-12
Spring Sale,Display,6122,1624,195,967.66,6,1946,0,2024-03-13
Holiday Promo,Google,19030,2220,255,9375.88,16,1697,0,2024-03-14
Spring Sale,Instagram,83838,2443,646,5582.64,9,427,1,2024-03-15
Holiday Promo,YouTube,85717,1340,277,3124.69,25,1475,1,2024-03-16
Brand Awareness,Facebook,56658,160,652,4030.12,35,611,0,2024-03-17
Brand Awareness,Instagram,39638,1038,246,4527.31,82,1873,0,2024-03-18
New Product Launch,Facebook,68067,1739,539,6045.88,63,910,1,2024-03-19
Brand Awareness,Display,89869,4220,561,5205.23,58,818,1,2024-03-20
New Product Launch,Google,35674,4326,30,9201.98,26,140,0,2024-03-21
Brand Awareness,Email,36854,3669,920,5019.94,110,1106,0,2024-03-22
Spring Sale,Google,47271,1352,746,9922.36,38,176,0,2024-03-23
Brand Awareness,Instagram,74688,4303,876,8529.11,232,197,1,2024-03-24
New Product Launch,Facebook,39518,271,803,2164.25,60,623,1,2024-03-25
New Product Launch,Facebook,11267,1558,529,9312.89,8,1591,0,2024-03-26
Holiday Promo,YouTube,91825,3649,109,1252.03,67,1995,0,2024-03-27
Spring Sale,Facebook,2062,4297,761,8192.75,23,690,1,2024-03-28
Brand Awareness,YouTube,51448,2422,487,3868.17,69,1444,1,2024-03-29
Holiday Promo,Display,96462,1736,608,8791.95,4,400,1,2024-03-30
Brand Awareness,Email,7229,3215,307,8693.76,11,1721,1,2024-03-31
Brand Awareness,Instagram,57793,4190,949,8078.66,116,470,0,2024-04-01
Holiday Promo,YouTube,48915,3104,535,7921.3,15,217,0,2024-04-02
Holiday Promo,Email,5632,429,343,3116.32,108,1948,0,2024-04-03
Holiday Promo,Facebook,4596,3740,11,901.1,19,928,0,2024-04-04
Holiday Promo,Facebook,7168,3994,384,4089.5,61,1851,0,2024-04-05
Holiday Promo,Email,8561,4207,302,1817.89,71,1752,1,2024-04-06
Brand Awareness,Facebook,74794,1441,846,6980.02,43,631,0,2024-04-07
Holiday Promo,Display,83152,3763,943,3526.39,21,950,1,2024-04-08
Spring Sale,Display,27734,315,562,9758.54,14,905,0,2024-04-09
New Product Launch,Email,7371,438,327,6445.62,2,174,1,2024-04-10
Holiday Promo,YouTube,27069,4162,511,8242.56,21,22,0,2024-04-11
Holiday Promo,YouTube,80905,2808,837,1411.99,63,1748,0,2024-04-12
Brand Awareness,Email,13910,3252,390,8633.94,167,1940,0,2024-04-13
Holiday Promo,YouTube,74479,1850,632,9235.3,122,234,0,2024-04-14
Holiday Promo,YouTube,78735,2521,23,4921.91,87,1036,1,2024-04-15
Holiday Promo,Display,82264,809,513,6101.9,93,1124,1,2024-04-16
Brand Awareness,YouTube,24275,3826,240,7671.62,65,928,0,2024-04-17
Holiday Promo,Google,73274,3742,994,1830.9,18,1559,0,2024-04-18
New Product Launch,Instagram,82449,4093,93,5075.4,142,1899,0,2024-04-19
Brand Awareness,Facebook,61004,588,139,4046.76,66,522,0,2024-04-20
New Product Launch,Google,63981,146,752,1549.1,49,1808,1,2024-04-21
Brand Awareness,YouTube,85659,3459,847,3738.59,7,1475,1,2024-04-22
Holiday Promo,Display,55553,4973,154,774.91,35,430,0,2024-04-23
New Product Launch,Email,49447,4906,900,355.54,37,792,1,2024-04-24
Brand Awareness,YouTube,35529,500,866,1438.15,119,1629,0,2024-04-25
Spring Sale,Display,76703,4090,37,9634.84,47,1736,1,2024-04-26
Holiday Promo,Instagram,77090,3257,75,5540.34,28,532,0,2024-04-27
Brand Awareness,YouTube,18260,4445,172,9661.64,225,1875,1,2024-04-28
Spring Sale,Email,4812,490,238,4381.73,7,978,1,2024-04-29
Brand Awareness,Display,29024,3953,270,3186.98,32,1746,0,2024-04-30
Spring Sale,Display,59656,4530,458,5110.8,2,1675,1,2024-05-01
Holiday Promo,Display,28285,728,433,4451.17,80,1316,0,2024-05-02
New Product Launch,Instagram,93436,4332,469,1146.08,150,809,0,2024-05-03
Spring Sale,YouTube,2605,3030,961,6444.18,19,912,0,2024-05-04
Brand Awareness,Instagram,72158,1621,685,2238.78,117,1124,1,2024-05-05
Holiday Promo,Facebook,73303,926,310,6233.92,20,1525,1,2024-05-06
Spring Sale,Facebook,28139,4922,928,6536.99,144,1327,1,2024-05-07
Brand Awareness,YouTube,78149,1600,312,1605.05,84,870,1,2024-05-08
Brand Awareness,Instagram,57138,3394,296,707.36,98,539,0,2024-05-09
Brand Awareness,Email,77125,2519,404,7829.54,1,1023,1,2024-05-10
Spring Sale,Display,14918,1034,19,4652.02,197,1576,0,2024-05-11
Spring Sale,Display,86655,3142,716,675.82,77,1378,0,2024-05-12
Spring Sale,YouTube,28446,4597,639,9949.18,21,1326,0,2024-05-13
New Product Launch,Facebook,14046,1566,279,672.03,106,1519,1,2024-05-14
Spring Sale,Facebook,25818,3661,601,6980.85,19,1681,1,2024-05-15
Spring Sale,Display,5324,714,979,9838.42,123,1791,0,2024-05-16
Spring Sale,YouTube,77323,1282,614,2467.88,7,1997,0,2024-05-17
New Product Launch,Instagram,10111,3323,787,1508.27,72,226,1,2024-05-18
Spring Sale,Facebook,39110,2767,853,1301.71,46,1259,0,2024-05-19
Brand Awareness,Instagram,17389,230,871,3102.42,6,872,1,2024-05-20
Spring Sale,Facebook,42427,3083,370,1100.35,16,891,1,2024-05-21
Brand Awareness,Facebook,80579,4378,266,6952.4,0,1478,0,2024-05-22
Brand Awareness,Google,29746,4559,142,716.69,37,1036,0,2024-05-23
Brand Awareness,Facebook,88886,138,285,5143.28,21,209,1,2024-05-24
New Product Launch,Email,1117,4059,785,9967.3,54,740,1,2024-05-25
New Product Launch,YouTube,85471,3687,692,8158.31,21,396,0,2024-05-26
New Product Launch,YouTube,14234,1020,981,6190.67,21,1123,1,2024-05-27
Spring Sale,Instagram,54441,2869,522,3131.91,81,30,0,2024-05-28
Brand Awareness,Facebook,1846,4211,322,6276.57,2,897,0,2024-05-29
New Product Launch,Email,11954,592,585,5317.71,139,1551,1,2024-05-30
New Product Launch,Instagram,80239,1231,895,4318.23,114,648,1,2024-05-31
Spring Sale,Google,47514,3621,989,1394.03,66,328,0,2024-06-01
New Product Launch,Instagram,89236,410,293,8877.38,53,1189,1,2024-06-02
Spring Sale,Instagram,98579,838,130,4552.87,133,1482,0,2024-06-03
Holiday Promo,Facebook,7469,3341,116,2026.76,12,1845,0,2024-06-04
New Product Launch,Google,31105,645,942,3740.82,4,951,0,2024-06-05
Holiday Promo,Instagram,43101,2561,696,4199.88,16,1123,1,2024-06-06
Spring Sale,Email,65323,4446,213,8292.63,94,620,0,2024-06-07
Brand Awareness,Email,92922,4954,174,7362.78,2,1878,0,2024-06-08
New Product Launch,YouTube,59067,1904,314,7716.12,52,1196,0,2024-06-09
Spring Sale,Google,50376,3312,506,209.21,323,1772,1,2024-06-10
Brand Awareness,Google,46587,3910,641,4219.92,116,161,0,2024-06-11
Brand Awareness,YouTube,37976,913,565,4865.31,44,1928,1,2024-06-12
Holiday Promo,Instagram,68584,4224,833,290.0,3,1751,0,2024-06-13
Spring Sale,Google,79477,2132,165,2672.15,106,775,0,2024-06-14
Brand Awareness,Email,43533,4672,376,7626.87,54,1286,0,2024-06-15
New Product Launch,Email,2828,4513,728,1457.39,7,1827,1,2024-06-16
New Product Launch,Facebook,2917,344,911,5399.57,5,273,1,2024-06-17
Holiday Promo,Google,21618,4943,629,2230.5,144,1026,0,2024-06-18
Brand Awareness,Instagram,33254,4892,260,220.0,66,1051,0,2024-06-19
Spring Sale,YouTube,48362,371,966,2487.89,106,325,0,2024-06-20
New Product Launch,YouTube,21128,3611,925,9761.15,126,939,0,2024-06-21
Brand Awareness,Instagram,60383,1871,891,8035.22,50,1172,0,2024-06-22
Brand Awareness,Display,66545,1362,343,9599.81,43,539,0,2024-06-23
Holiday Promo,Facebook,83180,2524,651,4929.76,33,487,0,2024-06-24
New Product Launch,YouTube,88958,4461,978,1186.39,22,821,0,2024-06-25
New Product Launch,Google,10865,1020,520,5524.8,34,1461,0,2024-06-26
Spring Sale,Facebook,3219,3530,302,4598.34,89,1088,1,2024-06-27
New Product Launch,Google,40809,4535,29,8459.14,55,355,0,2024-06-28
Spring Sale,Email,6287,4584,291,1071.02,133,1556,0,2024-06-29
New Product Launch,Facebook,35387,2724,806,4933.59,35,1275,1,2024-06-30
Holiday Promo,YouTube,9512,3860,10,1585.48,56,234,0,2024-07-01
New Product Launch,Facebook,2342,2150,128,3314.29,59,226,0,2024-07-02
Spring Sale,Facebook,64076,3600,44,7399.84,53,1548,0,2024-07-03
Spring Sale,Facebook,20216,1265,207,4812.58,72,1336,0,2024-07-04
Holiday Promo,Display,94070,475,494,3821.29,16,48,0,2024-07-05
New Product Launch,Facebook,80767,2133,766,4005.32,43,117,0,2024-07-06
New Product Launch,Google,98829,245,68,4648.52,6,53,1,2024-07-07
Holiday Promo,Email,27614,4488,846,7871.66,29,1673,0,2024-07-08
New Product Launch,Instagram,37258,531,170,8931.64,40,564,0,2024-07-09
New Product Launch,Facebook,94789,804,700,9557.81,63,1067,0,2024-07-10
Spring Sale,YouTube,43078,2732,215,7890.34,180,1838,0,2024-07-11
New Product Launch,Facebook,84524,4594,21,3222.53,55,52,0,2024-07-12
New Product Launch,YouTube,97573,1063,499,6912.53,81,1609,1,2024-07-13
Holiday Promo,Google,13219,2334,285,4432.27,42,557,0,2024-07-14
Holiday Promo,YouTube,1235,2141,702,2621.24,60,1548,0,2024-07-15
Brand Awareness,Instagram,43929,1928,251,8424.63,4,1700,0,2024-07-16
Spring Sale,Email,68444,2208,225,480.42,17,1125,0,2024-07-17
New Product Launch,YouTube,9567,4168,260,9027.44,26,1815,1,2024-07-18
New Product Launch,YouTube,71792,1038,820,4668.63,38,1793,0,2024-07-19
Brand Awareness,Email,66441,4905,135,6408.29,2,1872,0,2024-07-20
New Product Launch,Instagram,85555,906,226,6627.6,9,867,0,2024-07-21
Spring Sale,Facebook,74698,1563,315,8961.67,19,397,1,2024-07-22
Brand Awareness,YouTube,6415,3515,806,6403.03,213,1161,0,2024-07-23
Spring Sale,Email,37159,110,194,6177.94,24,674,0,2024-07-24
Brand Awareness,Google,44925,1968,48,759.86,39,1944,1,2024-07-25
Brand Awareness,Email,6951,4967,232,5232.24,13,386,1,2024-07-26
Holiday Promo,Google,88388,984,193,1586.67,56,110,0,2024-07-27
Spring Sale,Instagram,9007,3664,504,7400.59,19,613,0,2024-07-28
New Product Launch,Facebook,42832,1489,436,5171.0,13,16,0,2024-07-29
New Product Launch,Email,59596,3501,187,6834.26,43,1803,0,2024-07-30
Spring Sale,Display,31523,4421,928,512.56,0,1205,0,2024-07-31
New Product Launch,YouTube,89861,924,437,939.44,0,883,0,2024-08-01
New Product Launch,Instagram,87740,2365,303,7191.6,14,1559,0,2024-08-02
Spring Sale,Email,16524,1036,861,813.63,2,540,0,2024-08-03
Brand Awareness,YouTube,20282,2900,160,805.44,6,170,0,2024-08-04
Spring Sale,Email,24930,2653,393,219.87,24,408,1,2024-08-05
Brand Awareness,Google,1077,3945,647,9569.36,97,739,0,2024-08-06
New Product Launch,Email,21611,1896,822,7401.33,50,1401,0,2024-08-07
New Product Launch,Display,17984,153,317,3597.19,43,1211,0,2024-08-08
New Product Launch,Email,15060,826,345,3035.7,20,857,1,2024-08-09
Holiday Promo,Email,83985,2836,955,3562.06,161,229,0,2024-08-10
Brand Awareness,Display,85056,3270,755,7769.07,30,1856,0,2024-08-11
Holiday Promo,Instagram,44303,2013,901,6647.57,5,1875,0,2024-08-12
Holiday Promo,Email,60207,1696,384,1933.44,57,118,0,2024-08-13
Spring Sale,Display,76046,2014,17,1823.68,7,1179,0,2024-08-14
Holiday Promo,YouTube,30287,2566,350,1074.12,25,783,0,2024-08-15
Spring Sale,Google,94709,2837,138,6637.0,42,1710,0,2024-08-16
Spring Sale,Google,40711,949,785,7667.29,124,464,1,2024-08-17
Holiday Promo,Email,12954,2209,678,2723.96,40,103,0,2024-08-18
Brand Awareness,Instagram,74340,102,361,307.36,72,1627,0,2024-08-19
Brand Awareness,Instagram,73101,4355,367,913.5,296,697,1,2024-08-20
Brand Awareness,YouTube,72520,4169,526,9681.81,8,1995,0,2024-08-21
Brand Awareness,Email,88062,4976,504,3024.9,19,1818,0,2024-08-22
Brand Awareness,Google,19574,992,95,7715.31,30,1525,0,2024-08-23
Holiday Promo,Instagram,10184,2130,184,6284.17,32,1716,0,2024-08-24
Holiday Promo,Email,20096,3260,811,3881.2,31,1705,1,2024-08-25
New Product Launch,Instagram,68728,2476,202,2136.3,142,1722,1,2024-08-26
Brand Awareness,Display,35016,4775,320,1301.73,75,174,0,2024-08-27
Holiday Promo,Instagram,12246,2033,128,6188.63,56,1757,0,2024-08-28
New Product Launch,Google,46558,1480,227,7768.87,22,744,1,2024-08-29
Brand Awareness,Facebook,19381,3781,436,6474.65,104,1697,1,2024-08-30
Spring Sale,YouTube,37455,1390,979,5349.99,186,1444,1,2024-08-31
New Product Launch,YouTube,93263,1740,423,515.32,103,1157,0,2024-09-01
Holiday Promo,Google,5018,2782,123,9688.04,0,1414,0,2024-09-02
Spring Sale,Instagram,12302,1087,987,8007.27,60,1759,1,2024-09-03
Spring Sale,Email,68506,1318,154,2998.94,3,1524,0,2024-09-04
Spring Sale,Instagram,42157,1455,547,9801.71,17,664,0,2024-09-05
New Product Launch,Google,55917,4365,657,6058.63,3,32,0,2024-09-06
Holiday Promo,YouTube,93738,4716,312,5865.98,55,54,0,2024-09-07
Spring Sale,Instagram,97646,4235,753,7505.92,69,1977,0,2024-09-08
Brand Awareness,YouTube,84122,1660,890,8136.52,7,518,0,2024-09-09
Spring Sale,Email,25519,1518,597,6599.14,29,755,1,2024-09-10
Spring Sale,YouTube,97809,1054,996,1368.15,36,1848,0,2024-09-11
New Product Launch,YouTube,88487,1083,849,3448.85,27,1661,1,2024-09-12
New Product Launch,Facebook,57819,1074,354,9288.03,7,11,0,2024-09-13
Holiday Promo,Facebook,81910,4233,823,2323.69,32,1551,0,2024-09-14
Brand Awareness,Display,72324,4072,973,3784.45,83,719,1,2024-09-15
New Product Launch,Facebook,6408,1013,810,4377.56,4,554,0,2024-09-16
Spring Sale,YouTube,60379,4649,10,4450.11,5,372,0,2024-09-17
Holiday Promo,Google,26053,136,156,6168.1,26,483,0,2024-09-18
Spring Sale,YouTube,10446,3487,296,9436.45,170,972,0,2024-09-19
Spring Sale,Google,1922,1811,985,2482.86,66,1670,1,2024-09-20
New Product Launch,Google,99723,3120,663,1302.86,68,1251,1,2024-09-21
Holiday Promo,Facebook,52356,895,62,2054.96,26,622,0,2024-09-22
Brand Awareness,Instagram,11789,4136,313,8880.56,54,306,0,2024-09-23
Brand Awareness,Email,98720,4788,78,6493.53,0,456,0,2024-09-24
New Product Launch,Facebook,67656,3211,370,2930.48,60,159,1,2024-09-25
New Product Launch,Facebook,45028,1424,611,8177.87,146,330,0,2024-09-26
Holiday Promo,Instagram,65484,417,967,8627.56,56,775,0,2024-09-27
Brand Awareness,Email,33154,2496,229,8480.49,124,224,0,2024-09-28
Brand Awareness,YouTube,83870,2262,971,9197.37,77,982,0,2024-09-29
Brand Awareness,Display,3336,2845,713,2597.19,7,728,0,2024-09-30
Spring Sale,Display,68779,1691,975,7574.92,139,1527,1,2024-10-01
Brand Awareness,YouTube,20029,3211,584,4659.34,4,1479,0,2024-10-02
Spring Sale,Facebook,60201,4030,594,8435.79,45,1068,0,2024-10-03
Holiday Promo,Email,33265,2096,170,7312.06,9,1237,1,2024-10-04
Spring Sale,Facebook,44872,1412,690,7786.83,0,1082,1,2024-10-05
Holiday Promo,Google,47197,1385,98,6596.0,32,643,0,2024-10-06
Brand Awareness,Facebook,56180,4411,697,1856.54,20,615,0,2024-10-07
Brand Awareness,Facebook,24710,2483,790,5495.77,39,194,0,2024-10-08
Holiday Promo,YouTube,30486,3339,594,9848.23,51,1948,0,2024-10-09
New Product Launch,YouTube,72907,2239,766,9380.14,2,488,0,2024-10-10
Holiday Promo,YouTube,72895,1804,598,527.42,7,156,0,2024-10-11
New Product Launch,Display,65435,462,168,1731.67,49,609,0,2024-10-12
Spring Sale,Google,41631,2704,498,1404.11,25,1249,1,2024-10-13
Spring Sale,YouTube,21103,1816,980,7287.2,78,411,0,2024-10-14
Spring Sale,Email,65772,4551,333,8196.07,63,1228,0,2024-10-15
Brand Awareness,Display,15382,4386,619,2213.76,112,1102,0,2024-10-16
Spring Sale,Instagram,85291,3838,390,5107.94,70,1147,1,2024-10-17
New Product Launch,Email,4756,2569,111,8422.96,33,470,1,2024-10-18
Spring Sale,Email,21609,4895,503,7354.74,67,1963,1,2024-10-19
Holiday Promo,YouTube,17478,656,653,5468.15,19,1241,1,2024-10-20
Holiday Promo,Instagram,40666,925,623,5944.44,21,515,1,2024-10-21
Brand Awareness,Instagram,76683,2908,28,5132.77,93,1625,0,2024-10-22
Holiday Promo,Display,72315,4621,463,3045.73,35,1127,0,2024-10-23
New Product Launch,Instagram,78834,2819,491,5693.72,96,392,0,2024-10-24
Spring Sale,Google,15153,3608,603,6919.96,103,630,1,2024-10-25
Brand Awareness,YouTube,77325,3841,406,8745.9,116,1668,1,2024-10-26
Spring Sale,Instagram,13999,1674,288,6399.28,149,1847,0,2024-10-27
Spring Sale,Display,56318,4098,860,7635.1,33,607,0,2024-10-28
New Product Launch,Google,1814,2229,374,1684.71,23,979,0,2024-10-29
Holiday Promo,Facebook,77077,2503,340,4669.42,52,433,1,2024-10-30
Holiday Promo,Facebook,91474,3429,650,192.38,27,1354,0,2024-10-31
Spring Sale,Google,3443,688,353,2542.12,55,1166,0,2024-11-01
Brand Awareness,Display,76993,2112,831,7291.97,73,1823,0,2024-11-02
Holiday Promo,Google,76916,1647,464,9918.92,69,539,0,2024-11-03
Brand Awareness,YouTube,74319,394,610,1081.86,28,277,1,2024-11-04
Holiday Promo,YouTube,18368,2085,734,4074.79,10,232,0,2024-11-05
Brand Awareness,Facebook,16328,3217,664,8020.7,33,1552,1,2024-11-06
New Product Launch,Instagram,57942,1790,74,2119.95,9,1594,0,2024-11-07
Brand Awareness,Display,92751,1236,85,5595.34,132,1113,0,2024-11-08
New Product Launch,Facebook,28306,2164,720,7357.41,25,1515,0,2024-11-09
New Product Launch,Instagram,86451,4555,152,6198.26,10,1222,1,2024-11-10
Brand Awareness,Instagram,40915,4895,926,1961.44,1,361,0,2024-11-11
New Product Launch,YouTube,38219,4643,924,3618.31,62,1464,0,2024-11-12
Spring Sale,Email,81879,4870,837,7859.54,60,25,0,2024-11-13
New Product Launch,Email,65644,1107,614,5586.84,24,1048,1,2024-11-14
Holiday Promo,Google,61279,2614,482,151.77,4,1417,0,2024-11-15
Brand Awareness,YouTube,54028,3626,426,7633.81,31,506,1,2024-11-16
Spring Sale,Instagram,1126,4781,314,449.58,22,1324,0,2024-11-17
Brand Awareness,Display,53329,1347,745,7482.76,67,1362,0,2024-11-18
Holiday Promo,Email,28632,4002,506,2104.56,55,266,0,2024-11-19
Holiday Promo,Instagram,66310,1535,300,9584.93,27,460,0,2024-11-20
Holiday Promo,Email,56176,671,949,3742.61,14,1716,0,2024-11-21
New Product Launch,Email,87066,2482,111,3336.62,265,455,0,2024-11-22
New Product Launch,Email,45327,1345,995,1573.99,36,1383,0,2024-11-23
Brand Awareness,Display,69904,2184,276,3125.48,69,1091,1,2024-11-24
Brand Awareness,YouTube,4797,377,876,8778.84,9,1006,0,2024-11-25
Spring Sale,Display,48882,1987,977,9963.71,39,862,1,2024-11-26
Spring Sale,Facebook,14718,4679,631,3746.26,1,1435,0,2024-11-27
Brand Awareness,Instagram,35560,1365,983,4541.25,42,1994,0,2024-11-28
New Product Launch,YouTube,77589,4926,851,7248.5,199,490,0,2024-11-29
Holiday Promo,YouTube,23116,1140,971,8873.34,29,1856,0,2024-11-30
Brand Awareness,YouTube,37244,1017,951,5971.14,2,1072,0,2024-12-01
Spring Sale,YouTube,2645,985,786,3976.1,1,1710,0,2024-12-02
New Product Launch,Display,48523,2852,12,4184.96,29,563,0,2024-12-03
Brand Awareness,YouTube,20256,121,94,6986.62,10,1125,0,2024-12-04
Brand Awareness,Google,54173,4669,803,131.86,1,215,1,2024-12-05
New Product Launch,Instagram,38430,3291,337,6233.93,84,1461,1,2024-12-06
Brand Awareness,YouTube,40282,2453,825,3619.38,36,1723,0,2024-12-07
New Product Launch,Instagram,64374,4899,459,7962.55,20,1592,0,2024-12-08
Holiday Promo,Google,69244,786,463,1020.61,138,558,0,2024-12-09
New Product Launch,Google,12694,384,933,5923.2,7,158,0,2024-12-10
New Product Launch,Instagram,57264,4911,638,4861.63,187,488,0,2024-12-11
New Product Launch,Email,76060,3847,230,6459.02,22,685,0,2024-12-12
Brand Awareness,Facebook,98416,862,163,742.05,131,1265,0,2024-12-13
Brand Awareness,Email,58545,2528,674,5841.84,55,793,0,2024-12-14
New Product Launch,Email,40224,2607,21,5658.7,105,1776,0,2024-12-15
Brand Awareness,Display,98945,128,142,5650.53,248,1905,1,2024-12-16
Spring Sale,Email,14224,1006,313,6074.53,20,4,1,2024-12-17
Spring Sale,YouTube,41738,3204,302,6797.03,194,1619,0,2024-12-18
Brand Awareness,Display,26150,4099,984,8069.39,29,1843,1,2024-12-19
Brand Awareness,Display,64731,3094,309,2771.23,29,360,1,2024-12-20
New Product Launch,Google,50688,2606,749,8267.99,24,458,0,2024-12-21
Holiday Promo,Email,74509,4765,792,5032.73,46,247,0,2024-12-22
Brand Awareness,Google,9577,3709,52,862.88,10,1589,0,2024-12-23
Spring Sale,Instagram,9070,3653,953,679.65,48,1696,1,2024-12-24
New Product Launch,Facebook,9666,1553,352,3408.96,46,945,1,2024-12-25
Brand Awareness,Display,58761,4933,335,7870.48,86,421,0,2024-12-26
Spring Sale,Instagram,37368,3456,823,7106.04,107,1946,0,2024-12-27
Spring Sale,Instagram,7783,615,507,7907.29,34,1761,0,2024-12-28
Holiday Promo,YouTube,42914,138,373,5220.96,21,14,0,2024-12-29
New Product Launch,Facebook,71507,3442,900,4457.97,18,735,0,2024-12-30
New Product Launch,Instagram,80026,986,436,1559.78,12,1596,1,2024-12-31
Holiday Promo,Instagram,68526,2944,30,3349.11,3,1145,0,2025-01-01
Holiday Promo,Facebook,71835,2304,416,4396.79,25,276,1,2025-01-02
New Product Launch,Facebook,46765,1198,628,977.14,18,1581,1,2025-01-03
New Product Launch,Instagram,20956,1923,345,2284.06,203,452,1,2025-01-04
Brand Awareness,Facebook,88895,3301,824,6022.43,48,1413,0,2025-01-05
Brand Awareness,Instagram,47240,3255,126,7383.06,25,1317,0,2025-01-06
Holiday Promo,Instagram,38148,3193,133,9983.64,52,1597,0,2025-01-07
Brand Awareness,YouTube,95270,3630,408,9337.82,8,597,0,2025-01-08
Spring Sale,Email,5757,3878,802,6461.4,35,445,0,2025-01-09
Brand Awareness,Instagram,20097,2996,813,4270.36,59,209,0,2025-01-10
Brand Awareness,Google,11395,3553,724,6398.16,40,1613,0,2025-01-11
Spring Sale,Display,17241,3611,60,7877.95,30,713,0,2025-01-12
Holiday Promo,Email,28696,1088,792,1271.53,305,301,0,2025-01-13
Spring Sale,Email,71480,4216,333,4158.06,127,1932,0,2025-01-14
Brand Awareness,Email,47163,4126,798,8414.04,58,1246,1,2025-01-15
Holiday Promo,YouTube,20816,4279,150,3899.95,50,1757,1,2025-01-16
Brand Awareness,Instagram,50840,1782,479,5761.54,58,2,0,2025-01-17
Spring Sale,YouTube,53853,4765,796,5918.92,13,989,0,2025-01-18
Spring Sale,Instagram,25917,4063,811,1926.31,30,1541,0,2025-01-19
Brand Awareness,YouTube,97731,1033,343,3686.13,2,1116,0,2025-01-20
New Product Launch,YouTube,22566,3698,902,3411.66,38,519,0,2025-01-21
New Product Launch,Display,76452,3333,973,359.35,46,1451,1,2025-01-22
Spring Sale,Google,63823,2080,382,339.5,15,492,0,2025-01-23
Spring Sale,YouTube,21806,1955,573,8333.8,199,1258,0,2025-01-24
New Product Launch,Display,76520,3156,503,2803.4,144,619,0,2025-01-25
New Product Launch,Facebook,2759,892,548,5228.98,76,1184,0,2025-01-26
Brand Awareness,Google,42949,891,678,3057.38,45,1744,0,2025-01-27
Brand Awareness,YouTube,93374,1909,760,9412.72,122,1775,0,2025-01-28
New Product Launch,Email,3482,2355,165,2667.04,8,330,0,2025-01-29
Brand Awareness,Facebook,25442,3710,300,4353.6,93,332,0,2025-01-30
Brand Awareness,Facebook,34719,1707,657,8740.03,7,49,0,2025-01-31
Holiday Promo,Display,59066,1084,153,8435.14,94,1546,0,2025-02-01
Brand Awareness,Facebook,94501,3776,115,1942.4,19,862,0,2025-02-02
Spring Sale,Google,3079,3480,429,8046.17,125,1691,1,2025-02-03
Brand Awareness,YouTube,3717,619,679,4636.05,172,1515,0,2025-02-04
Brand Awareness,YouTube,60676,690,667,4881.39,9,1605,0,2025-02-05
New Product Launch,Email,28952,1150,11,1421.45,37,1704,0,2025-02-06
Spring Sale,Display,87444,3733,954,897.95,237,271,0,2025-02-07
Brand Awareness,Email,43460,4544,598,7306.6,39,579,0,2025-02-08
Brand Awareness,Facebook,91397,1059,653,5014.97,119,1890,0,2025-02-09
Holiday Promo,Email,73847,792,99,4424.82,53,1275,1,2025-02-10
Brand Awareness,Google,94607,3999,354,7322.13,28,559,0,2025-02-11
Brand Awareness,YouTube,90106,4573,359,7678.58,20,695,0,2025-02-12
Holiday Promo,Facebook,19449,3046,468,1673.19,13,1855,0,2025-02-13
New Product Launch,Email,34536,626,272,6141.23,86,1722,1,2025-02-14
Brand Awareness,Display,65077,3324,360,1440.01,29,1113,0,2025-02-15
Holiday Promo,Google,39258,2353,117,7538.61,42,445,0,2025-02-16
Spring Sale,Google,49302,3444,595,6603.86,40,1016,0,2025-02-17
New Product Launch,Email,29865,4065,48,9570.48,51,1355,0,2025-02-18
Spring Sale,YouTube,7645,1975,918,782.68,120,1162,0,2025-02-19
Spring Sale,Email,39000,1863,168,664.84,236,356,0,2025-02-20
Holiday Promo,Facebook,27737,620,592,2893.65,31,1624,0,2025-02-21
Brand Awareness,Email,12485,1116,968,2690.89,105,273,0,2025-02-22
Holiday Promo,Google,39565,216,321,2545.09,86,1042,0,2025-02-23
Holiday Promo,Email,26522,2533,250,9071.92,51,310,0,2025-02-24
Holiday Promo,YouTube,66155,683,947,2570.51,187,869,1,2025-02-25
Holiday Promo,Display,56168,494,454,2792.3,13,885,0,2025-02-26
New Product Launch,Instagram,53487,3888,307,7618.04,6,153,0,2025-02-27
Brand Awareness,Email,13342,2868,961,4552.42,115,1413,0,2025-02-28
Spring Sale,YouTube,41806,4267,45,7789.43,34,1283,0,2025-03-01
Spring Sale,YouTube,49770,3960,93,747.12,112,619,1,2025-03-02
Brand Awareness,Display,79623,373,461,4926.95,134,882,0,2025-03-03
Spring Sale,Google,76629,2113,895,432.77,3,796,0,2025-03-04
Brand Awareness,YouTube,53603,4533,784,720.27,128,1594,0,2025-03-05
Spring Sale,YouTube,82974,1489,831,9073.73,35,124,0,2025-03-06
Holiday Promo,YouTube,27399,3666,394,1478.53,42,1377,0,2025-03-07
Spring Sale,YouTube,86382,4802,181,5370.96,59,1296,0,2025-03-08
Brand Awareness,Facebook,82244,265,385,4169.85,156,618,0,2025-03-09
Brand Awareness,Facebook,77534,1667,694,3538.7,1,1834,1,2025-03-10
Brand Awareness,Google,56106,828,371,9008.35,38,244,0,2025-03-11
Brand Awareness,Email,31678,2143,568,316.05,69,847,1,2025-03-12
Brand Awareness,YouTube,77218,4297,900,6671.52,76,449,1,2025-03-13
New Product Launch,Display,64230,3596,150,9637.6,70,929,1,2025-03-14
New Product Launch,Email,75055,878,896,5645.67,8,1270,0,2025-03-15
Spring Sale,Display,57373,313,927,9374.54,21,519,0,2025-03-16
Brand Awareness,Email,32480,3862,127,617.35,26,1164,1,2025-03-17
Spring Sale,Google,86230,1676,286,4246.05,97,361,0,2025-03-18
Brand Awareness,YouTube,69836,2548,735,2675.56,19,7,0,2025-03-19
Brand Awareness,YouTube,73258,3036,229,7335.13,14,477,1,2025-03-20
New Product Launch,Instagram,40986,3217,914,9814.84,189,1375,1,2025-03-21
New Product Launch,Display,25160,691,35,2639.65,0,494,0,2025-03-22
Holiday Promo,Email,86595,2820,530,6576.33,367,1629,0,2025-03-23
New Product Launch,Email,80111,813,792,2061.17,67,832,0,2025-03-24
Holiday Promo,Facebook,65929,1035,19,5696.77,105,1450,1,2025-03-25
Holiday Promo,Instagram,74506,4437,993,4692.93,20,1062,1,2025-03-26
Holiday Promo,Facebook,35911,101,387,9722.85,0,592,0,2025-03-27
Holiday Promo,Facebook,88127,2948,642,6124.42,80,186,0,2025-03-28
Holiday Promo,Facebook,32821,4144,646,3560.11,107,1619,1,2025-03-29
Spring Sale,Display,76039,2049,691,1229.55,80,1623,0,2025-03-30
New Product Launch,Display,61535,1017,593,1597.34,9,753,0,2025-03-31
Holiday Promo,Google,85458,3274,161,2330.64,84,1877,1,2025-04-01
Brand Awareness,Google,13175,2341,729,2584.57,87,92,0,2025-04-02
New Product Launch,Facebook,55771,189,58,8521.1,64,85,0,2025-04-03
New Product Launch,Instagram,87925,1809,163,5656.11,87,1067,0,2025-04-04
Holiday Promo,Email,67358,2269,868,5281.57,112,136,0,2025-04-05
Spring Sale,Display,18327,4338,302,1236.21,57,420,1,2025-04-06
Holiday Promo,Instagram,48057,3141,589,8615.38,5,73,0,2025-04-07
Spring Sale,YouTube,7150,205,59,7255.86,40,1571,1,2025-04-08
Brand Awareness,Display,5425,986,673,769.92,4,1636,0,2025-04-09
New Product Launch,Display,17032,527,540,7107.57,31,1535,0,2025-04-10
Brand Awareness,Google,3198,1995,621,5481.03,31,1179,0,2025-04-11
Spring Sale,Email,61500,416,69,909.08,4,1961,0,2025-04-12
Spring Sale,Email,54394,734,176,4637.18,25,1278,0,2025-04-13
Brand Awareness,YouTube,21079,2025,211,4898.49,7,170,0,2025-04-14
Spring Sale,YouTube,37220,2156,866,1741.17,99,1751,0,2025-04-15
Brand Awareness,Display,42874,3244,155,9462.41,177,169,0,2025-04-16
New Product Launch,Facebook,14859,2370,924,8514.76,4,1787,1,2025-04-17
Brand Awareness,Google,51460,1539,685,6723.32,186,871,0,2025-04-18
New Product Launch,Google,32419,652,979,4676.73,44,321,1,2025-04-19
Brand Awareness,Display,9705,815,448,4176.48,21,1590,0,2025-04-20
Spring Sale,Instagram,43880,4011,251,6544.64,4,455,0,2025-04-21
Brand Awareness,Facebook,24236,1813,590,5499.78,41,943,0,2025-04-22
Spring Sale,Display,88955,3489,696,716.5,94,1626,0,2025-04-23
Brand Awareness,Facebook,86514,1207,570,5173.78,73,789,0,2025-04-24
Brand Awareness,Facebook,16358,4306,492,8083.4,3,612,1,2025-04-25
Holiday Promo,Facebook,95914,350,117,4646.47,4,1178,1,2025-04-26
Spring Sale,Display,77918,2530,235,614.37,30,888,0,2025-04-27
Holiday Promo,Google,15596,2154,682,7884.15,20,348,0,2025-04-28
Spring Sale,Google,34572,558,640,2093.5,15,1474,1,2025-04-29
Holiday Promo,Facebook,79757,307,670,2660.35,19,1899,0,2025-04-30
New Product Launch,Instagram,2279,999,986,1730.59,97,1676,1,2025-05-01
Brand Awareness,Email,64197,3561,671,3369.13,158,1196,1,2025-05-02
Spring Sale,Display,63516,3485,441,7591.84,31,9,1,2025-05-03
Spring Sale,Email,8083,121,814,5241.92,141,739,0,2025-05-04
Brand Awareness,Instagram,18771,509,664,2128.32,23,1288,0,2025-05-05
Spring Sale,Display,30975,994,428,8790.52,38,1461,0,2025-05-06
Spring Sale,Facebook,46648,614,997,8807.86,15,1783,0,2025-05-07
Holiday Promo,Google,49285,4209,464,8718.73,61,1270,1,2025-05-08
Spring Sale,Email,20063,2234,169,2464.08,231,666,0,2025-05-09
New Product Launch,YouTube,68642,3695,532,4567.27,55,545,0,2025-05-10
New Product Launch,YouTube,91093,3056,659,9851.4,26,1522,1,2025-05-11
Brand Awareness,Instagram,87143,1660,978,7742.92,62,128,1,2025-05-12
Spring Sale,Facebook,38599,1366,599,368.96,7,1695,1,2025-05-13
Brand Awareness,Email,52920,2269,86,745.53,131,600,1,2025-05-14
